{
    "if": {
        "allOf": [
            {
                "field": "type",
                "equals": "Microsoft.Compute/virtualMachines"
            },
            {
                "not": {
                    "field": "Microsoft.Compute/virtualMachines/sku.name",
                    "in": [
                        "Standard_A1",
                        "Standard_A2",
                        "Standard_B1Ms"
                    ]
                }
            }
        ]
    },
    "then": {
        "effect": "deny"
    }
}